{"cameraMode":{"drawMode":0,"name":"Shaded","section":"Shading Mode"},"sceneLighting":false,"audioPlay":false,"sceneViewState":{"showFog":true,"showMaterialUpdate":false,"showSkybox":false,"showFlares":true,"showImageEffects":true,"showParticleSystems":true},"in2DMode":false,"pivot":{"x":-0.13600000739097596,"y":0.0,"z":0.8790000081062317},"rotation":{"x":-0.48757049441337588,"y":0.5118550658226013,"z":-0.4829144775867462,"w":-0.5167982578277588},"size":1.6247076988220215,"orthographic":false}