{"cameraMode":{"drawMode":0,"name":"Shaded","section":"Shading Mode"},"sceneLighting":false,"audioPlay":false,"sceneViewState":{"showFog":true,"showMaterialUpdate":false,"showSkybox":false,"showFlares":true,"showImageEffects":true,"showParticleSystems":true},"in2DMode":false,"pivot":{"x":1.850000262260437,"y":0.8602890968322754,"z":-0.1626042127609253},"rotation":{"x":-0.4161173105239868,"y":0.02236284129321575,"z":-0.0102376164868474,"w":-0.908979058265686},"size":1.2681492567062379,"orthographic":false}