{"cameraMode":{"drawMode":0,"name":"Shaded","section":"Shading Mode"},"sceneLighting":false,"audioPlay":false,"sceneViewState":{"showFog":true,"showMaterialUpdate":false,"showSkybox":false,"showFlares":true,"showImageEffects":true,"showParticleSystems":true},"in2DMode":false,"pivot":{"x":3.649846076965332,"y":0.8935272097587586,"z":-0.043539077043533328},"rotation":{"x":-0.4161173105239868,"y":0.02236284129321575,"z":-0.0102376164868474,"w":-0.908979058265686},"size":1.31100332736969,"orthographic":false}