{"cameraMode":{"drawMode":0,"name":"Shaded","section":"Shading Mode"},"sceneLighting":false,"audioPlay":false,"sceneViewState":{"showFog":true,"showMaterialUpdate":false,"showSkybox":false,"showFlares":true,"showImageEffects":true,"showParticleSystems":true},"in2DMode":false,"pivot":{"x":-0.08411876857280731,"y":0.07469393312931061,"z":0.2912261486053467},"rotation":{"x":-0.002607378177344799,"y":0.9962872266769409,"z":-0.07968274503946305,"w":-0.03258883208036423},"size":0.6519685387611389,"orthographic":false}