{"cameraMode":{"drawMode":0,"name":"Shaded","section":"Shading Mode"},"sceneLighting":false,"audioPlay":false,"sceneViewState":{"showFog":true,"showMaterialUpdate":false,"showSkybox":false,"showFlares":true,"showImageEffects":true,"showParticleSystems":true},"in2DMode":false,"pivot":{"x":-0.10047372430562973,"y":1.1901243925094605,"z":0.18509376049041749},"rotation":{"x":-0.4161173105239868,"y":0.02236284129321575,"z":-0.0102376164868474,"w":-0.908979058265686},"size":1.0315327644348145,"orthographic":false}