{"cameraMode":{"drawMode":0,"name":"Shaded","section":"Shading Mode"},"sceneLighting":false,"audioPlay":false,"sceneViewState":{"showFog":true,"showMaterialUpdate":false,"showSkybox":false,"showFlares":true,"showImageEffects":true,"showParticleSystems":true},"in2DMode":false,"pivot":{"x":-1.8799998760223389,"y":0.7986066937446594,"z":-0.004794716835021973},"rotation":{"x":-0.4161173105239868,"y":0.02236284129321575,"z":-0.0102376164868474,"w":-0.908979058265686},"size":1.1615875959396363,"orthographic":false}