{"cameraMode":{"drawMode":0,"name":"Shaded","section":"Shading Mode"},"sceneLighting":false,"audioPlay":false,"sceneViewState":{"showFog":true,"showMaterialUpdate":false,"showSkybox":false,"showFlares":true,"showImageEffects":true,"showParticleSystems":true},"in2DMode":false,"pivot":{"x":2.146225690841675,"y":0.8496280908584595,"z":2.2799999713897707},"rotation":{"x":-0.25841039419174197,"y":0.6109548807144165,"z":-0.22080950438976289,"w":-0.7149901390075684},"size":1.13627290725708,"orthographic":false}