{"cameraMode":{"drawMode":0,"name":"Shaded","section":"Shading Mode"},"sceneLighting":false,"audioPlay":false,"sceneViewState":{"showFog":true,"showMaterialUpdate":false,"showSkybox":false,"showFlares":true,"showImageEffects":true,"showParticleSystems":true},"in2DMode":false,"pivot":{"x":3.0399999618530275,"y":1.5499999523162842,"z":0.32199999690055849},"rotation":{"x":-0.25841039419174197,"y":0.6109548807144165,"z":-0.22080950438976289,"w":-0.7149901390075684},"size":0.04768651723861694,"orthographic":false}