{"cameraMode":{"drawMode":0,"name":"Shaded","section":"Shading Mode"},"sceneLighting":false,"audioPlay":false,"sceneViewState":{"showFog":true,"showMaterialUpdate":false,"showSkybox":false,"showFlares":true,"showImageEffects":true,"showParticleSystems":true},"in2DMode":false,"pivot":{"x":-0.000029385089874267578,"y":-0.00014884769916534424,"z":0.24492375552654267},"rotation":{"x":-0.004640599712729454,"y":0.985978364944458,"z":-0.16449302434921266,"w":-0.027810510247945787},"size":0.6258111596107483,"orthographic":false}